Ensembl Gene ID,Gene name,FPKM 512-cell,FPKM 256-cell, FPKM 128-cell,fold-change,lfc_512_128,lfc_256_128,512_4fold,256_4fold,256_2fold
ENSDARG00000086235,dre-mir-430c-5,213786.45,159803.05,4502.35,5.57,5.57,5.15,1,1,1
ENSDARG00000090259,dre-mir-430c-5,213786.45,159803.05,4502.35,5.57,5.57,5.15,1,1,1
ENSDARG00000086482,dre-mir-430b-1,128984.21,71908.46,2137.12,5.91,5.91,5.07,1,1,1
ENSDARG00000088550,dre-mir-430b-1,128984.21,71908.46,2137.12,5.91,5.91,5.07,1,1,1
ENSDARG00000091855,dre-mir-430b-1,128984.21,71908.46,2137.12,5.91,5.91,5.07,1,1,1
ENSDARG00000089163,dre-mir-430a-11,104288.44,54959.15,2269.5,5.52,5.52,4.60,1,1,1
ENSDARG00000089488,dre-mir-430a-11,104288.44,54959.15,2269.5,5.52,5.52,4.60,1,1,1
ENSDARG00000090281,dre-mir-430a-11,104288.44,54959.15,2269.5,5.52,5.52,4.60,1,1,1
ENSDARG00000091048,dre-mir-430a-11,104211.64,54935.38,2269.5,5.52,5.52,4.60,1,1,1
ENSDARG00000090357,dre-mir-430a-11,104191.99,54935.38,2269.5,5.52,5.52,4.60,1,1,1
ENSDARG00000087942,dre-mir-430i-3,80474.7,39190.09,1420.11,5.82,5.82,4.79,1,1,1
ENSDARG00000090085,dre-mir-430i-3,80474.7,39190.09,1420.11,5.82,5.82,4.79,1,1,1
ENSDARG00000086968,dre-mir-430i-3,80338.29,39238.76,1420.11,5.82,5.82,4.79,1,1,1
ENSDARG00000089867,dre-mir-430i-3,80338.29,39238.76,1420.11,5.82,5.82,4.79,1,1,1
ENSDARG00000089555,dre-mir-430i-3,80321.23,39190.09,1420.11,5.82,5.82,4.79,1,1,1
ENSDARG00000088093,dre-mir-430b-23,57846.11,28803.91,1073.73,5.75,5.75,4.74,1,1,1
ENSDARG00000091115,dre-mir-430b-23,57846.11,28803.91,1073.73,5.75,5.75,4.74,1,1,1
ENSDARG00000086436,dre-mir-430b-9,46346.43,20417.95,910.73,5.67,5.67,4.49,1,1,1
ENSDARG00000088395,dre-mir-430b-9,46346.43,20417.95,910.73,5.67,5.67,4.49,1,1,1
ENSDARG00000089613,dre-mir-430b-9,46346.43,20417.95,910.73,5.67,5.67,4.49,1,1,1
ENSDARG00000087609,dre-mir-430b-21,42182.72,20294.49,902,5.55,5.55,4.49,1,1,1
ENSDARG00000091664,dre-mir-430b-21,42182.72,20294.49,902,5.55,5.55,4.49,1,1,1
ENSDARG00000086582,dre-mir-430c-21,37460.54,24217.14,870,5.43,5.43,4.80,1,1,1
ENSDARG00000087024,dre-mir-430c-21,37460.54,24217.14,870,5.43,5.43,4.80,1,1,1
ENSDARG00000087570,dre-mir-430c-21,37460.54,24217.14,870,5.43,5.43,4.80,1,1,1
ENSDARG00000089653,dre-mir-430c-21,37460.54,24217.14,870,5.43,5.43,4.80,1,1,1
ENSDARG00000091145,dre-mir-430c-21,37460.54,24217.14,870,5.43,5.43,4.80,1,1,1
ENSDARG00000087527,dre-mir-430c-21,37419.48,24219.6,870,5.43,5.43,4.80,1,1,1
ENSDARG00000088477,dre-mir-430c-21,37419.48,24219.6,870,5.43,5.43,4.80,1,1,1
ENSDARG00000089154,dre-mir-430c-21,37419.48,24219.6,870,5.43,5.43,4.80,1,1,1
ENSDARG00000089755,dre-mir-430c-21,37419.48,24219.6,870,5.43,5.43,4.80,1,1,1
ENSDARG00000089982,dre-mir-430c-21,37419.48,24219.6,870,5.43,5.43,4.80,1,1,1
ENSDARG00000090283,dre-mir-430c-21,37419.48,24219.6,870,5.43,5.43,4.80,1,1,1
ENSDARG00000090393,dre-mir-430c-21,37419.48,24219.6,870,5.43,5.43,4.80,1,1,1
ENSDARG00000091312,dre-mir-430c-21,37419.48,24219.6,870,5.43,5.43,4.80,1,1,1
ENSDARG00000091501,dre-mir-430c-21,37419.48,24219.6,870,5.43,5.43,4.80,1,1,1
ENSDARG00000091761,dre-mir-430c-21,37419.48,24219.6,870,5.43,5.43,4.80,1,1,1
ENSDARG00000087500,dre-mir-430c-21,37402.3,24204.8,870,5.42,5.42,4.80,1,1,1
ENSDARG00000086779,dre-mir-430a-19,36678.9,23075.46,859.08,5.41,5.41,4.75,1,1,1
ENSDARG00000089301,dre-mir-430a-19,36678.9,23075.46,859.08,5.41,5.41,4.75,1,1,1
ENSDARG00000086081,dre-mir-430j,33252.37,16282.04,1025.61,5.02,5.02,3.99,1,1,1
ENSDARG00000087964,dre-mir-430j,33252.37,16282.04,1025.61,5.02,5.02,3.99,1,1,1
ENSDARG00000088076,dre-mir-430j,33252.37,16282.04,1025.61,5.02,5.02,3.99,1,1,1
ENSDARG00000090397,dre-mir-430j,33252.37,16282.04,1025.61,5.02,5.02,3.99,1,1,1
ENSDARG00000090983,dre-mir-430j,33252.37,16282.04,1025.61,5.02,5.02,3.99,1,1,1
ENSDARG00000091423,dre-mir-430j,33229.86,16282.04,1025.61,5.02,5.02,3.99,1,1,1
ENSDARG00000087171,dre-mir-430j,33220.31,16282.04,1025.61,5.02,5.02,3.99,1,1,1
ENSDARG00000090755,dre-mir-430j,33220.31,16282.04,1025.61,5.02,5.02,3.99,1,1,1
ENSDARG00000089671,dre-mir-430j,33218.54,16282.04,1025.61,5.02,5.02,3.99,1,1,1
ENSDARG00000088487,dre-mir-430a-21,28869.44,14769.78,541.97,5.73,5.73,4.77,1,1,1
ENSDARG00000088646,dre-mir-430a-21,28869.44,14769.78,541.97,5.73,5.73,4.77,1,1,1
ENSDARG00000087281,dre-mir-430a-22,22108.18,10860.23,487.98,5.5,5.50,4.47,1,1,1
ENSDARG00000091671,dre-mir-430a-3,13946.37,7836.58,296.84,5.55,5.55,4.72,1,1,1
ENSDARG00000081650,dre-mir-19a,10820.91,684.16,21.65,8.9,8.90,4.92,1,1,1
ENSDARG00000086116,dre-mir-430b-19,8808.04,5663.21,109.9,6.31,6.31,5.67,1,1,1
ENSDARG00000036675,hnrnpa1,1486.05,726.03,276.44,2.42,2.42,1.39,1,0,1
ENSDARG00000077712,CU694951.2,968.93,342.99,10.88,6.35,6.35,4.86,1,1,1
ENSDARG00000006003,mycl1a,937.73,248.17,78.66,3.56,3.56,1.65,1,0,1
ENSDARG00000080493,snoU6-53,844.81,425.87,5.76,6.97,6.97,5.98,1,1,1
ENSDARG00000091098,zgc:173816,693.5,301.18,11.27,5.82,5.82,4.62,1,1,1
ENSDARG00000086478,si:dkeyp-87d1.1,661.53,134.75,3.08,7.34,7.34,5.06,1,1,1
ENSDARG00000019045,CU682355.1,611.67,336.82,106.85,2.51,2.51,1.65,1,0,1
ENSDARG00000075113,zgc:193933,585.11,265.85,134.02,2.12,2.12,0.98,1,0,0
ENSDARG00000015906,mxtx2,496.49,119.19,2.98,6.96,6.97,4.92,1,1,1
ENSDARG00000087412,zgc:100951,455.42,187.39,7.63,5.73,5.72,4.45,1,1,1
ENSDARG00000088946,CU929354.1,453,143.29,5.68,6.09,6.09,4.43,1,1,1
ENSDARG00000092100,si:dkey-199k11.7,430.91,120.5,1.7,7.32,7.32,5.49,1,1,1
ENSDARG00000040141,zgc:113886,421.93,153.69,5.22,6.09,6.09,4.64,1,1,1
ENSDARG00000094945,si:dkey-199k11.8,421.15,141.71,3.8,6.46,6.46,4.89,1,1,1
ENSDARG00000076732,si:ch211-103a14.1,412.96,84.57,2.03,7.09,7.09,4.82,1,1,1
ENSDARG00000028335,hmga1a,393,120.43,38.02,3.34,3.34,1.64,1,0,1
ENSDARG00000013351,cirbp,375.99,142.74,47.35,2.96,2.96,1.57,1,0,1
ENSDARG00000038792,klf4,360.23,108.16,2.58,6.66,6.66,4.93,1,1,1
ENSDARG00000020504,h3f3a,348.11,75.52,21.11,3.98,3.98,1.79,1,0,1
ENSDARG00000036161,hnrnpa0l,337.98,141.65,61.67,2.44,2.44,1.19,1,0,1
ENSDARG00000087183,CABZ01088071.1,329.77,109.56,3.91,6.07,6.07,4.49,1,1,1
ENSDARG00000029818,srsf5a,314.19,52.38,10.33,4.8,4.80,2.24,1,1,1
ENSDARG00000088847,CR388052.2,292.42,73.35,1.47,6.89,6.89,4.91,1,1,1
ENSDARG00000020850,zgc:109885,281.57,49.17,16.41,4.02,4.02,1.53,1,0,1
ENSDARG00000002601,irx7,276.05,69.27,2.11,6.48,6.48,4.50,1,1,1
ENSDARG00000036162,hnrnpa0,272.2,59.21,9.5,4.7,4.70,2.52,1,1,1
ENSDARG00000091017,CU929354.3,269.58,101.35,4.66,5.58,5.58,4.18,1,1,1
ENSDARG00000095745,CU694951.3,261.08,93.18,2.33,6.3,6.30,4.82,1,1,1
ENSDARG00000040144,CU694951.1,246.56,93.01,2.69,6.07,6.07,4.67,1,1,1
ENSDARG00000078552,grhl3,236.65,26.11,0.57,7.24,7.24,4.11,1,1,1
ENSDARG00000035680,zgc:113424,235.21,64.71,7.79,4.75,4.75,2.90,1,1,1
ENSDARG00000036670,aplnrb,233.5,31.24,1.31,6.66,6.67,3.80,1,1,1
ENSDARG00000090987,CU929354.2,231.91,82.02,2.08,6.24,6.24,4.75,1,1,1
ENSDARG00000079193,ptmab,205.6,77.51,28.58,2.8,2.80,1.41,1,0,1
ENSDARG00000027357,cd2bp2,200.19,117.63,42.83,2.2,2.20,1.44,1,0,1
ENSDARG00000093944,BX321871.3,197.2,49.17,0.92,6.69,6.69,4.71,1,1,1
ENSDARG00000077405,si:ch211-116m6.3,193.24,63.85,34.16,2.47,2.47,0.88,1,0,0
ENSDARG00000043126,blf,186.5,40.88,0.48,6.98,6.99,4.82,1,1,1
ENSDARG00000090893,zgc:154164,181.76,40,7.34,4.45,4.45,2.30,1,1,1
ENSDARG00000002707,her11,180.22,39.2,0.61,6.82,6.81,4.64,1,1,1
ENSDARG00000053291,pnrc2,174.96,54.49,11.14,3.86,3.86,2.19,1,1,1
ENSDARG00000035715,MARCKSL1 (1 of 2),172.85,27.13,1.17,6.33,6.32,3.70,1,1,1
ENSDARG00000040725,zgc:114130,167.88,75.35,32.06,2.35,2.35,1.21,1,0,1
ENSDARG00000022280,brd2a,153.83,54.57,5.65,4.54,4.54,3.06,1,1,1
ENSDARG00000044380,rbmx2,153.35,53.1,19.29,2.93,2.93,1.41,1,0,1
ENSDARG00000075796,BX927193.2,145.92,36.23,0.68,6.45,6.45,4.47,1,1,1
ENSDARG00000094300,si:ch211-160e1.5,143.86,59.1,15.08,3.17,3.17,1.90,1,0,1
ENSDARG00000022129,rbm4.3,138.19,46.53,20.35,2.7,2.70,1.15,1,0,1
ENSDARG00000038068,ddx5,134.64,40.8,9.09,3.75,3.75,2.05,1,1,1
ENSDARG00000013576,gadd45bb,133.3,43.89,2.48,5.27,5.27,3.69,1,1,1
ENSDARG00000056621,ctcf,124.27,51.91,26.96,2.16,2.16,0.92,1,0,0
ENSDARG00000036462,rab11fip1b,114.51,50.52,26.55,2.07,2.07,0.90,1,0,0
ENSDARG00000091265,FP325123.3,111.91,49.82,26.42,2.04,2.04,0.89,1,0,0
ENSDARG00000087854,zgc:112234,111.57,56.37,23.57,2.2,2.20,1.22,1,0,1
ENSDARG00000095635,si:dkey-261j4.5,110.08,24.92,0.37,6.34,6.34,4.24,1,1,1
ENSDARG00000090149,,109.58,18.57,11.14,3.19,3.19,0.69,1,0,0
ENSDARG00000028514,cited3,107.61,21.34,3.32,4.65,4.65,2.37,1,1,1
ENSDARG00000093884,si:ch211-171l17.7,107.48,18.83,0,6.76,6.76,4.31,1,1,1
ENSDARG00000091502,BX469910.2,106.48,25.97,0.5,6.16,6.16,4.17,1,1,1
ENSDARG00000056995,snai1a,104.9,17.33,6.76,3.77,3.77,1.24,1,0,1
ENSDARG00000091446,zgc:154164,103.95,21.37,6.25,3.85,3.86,1.63,1,0,1
ENSDARG00000014277,vox,102.29,43.49,2.31,4.96,4.96,3.75,1,1,1
ENSDARG00000004735,hnrnpu,100.88,56.61,23.78,2.04,2.04,1.22,1,0,1
ENSDARG00000088420,HIST1H4D (1 of 2),96.89,64.18,23.16,2.02,2.02,1.43,1,0,1
ENSDARG00000034138,shisa2,95.16,9.22,1.2,5.45,5.45,2.22,1,1,1
ENSDARG00000092265,BX324142.1,94.28,28.71,0.42,6.07,6.07,4.39,1,1,1
ENSDARG00000006260,tuba8l4,94.1,31.4,16.67,2.43,2.43,0.87,1,0,0
ENSDARG00000005513,naca,93.18,28.44,9.34,3.19,3.19,1.51,1,0,1
ENSDARG00000007628,dusp1,84.6,22.27,7.5,3.33,3.33,1.45,1,0,1
ENSDARG00000077589,si:dkey-188c14.4,79.16,9.33,0.2,6.06,6.06,3.11,1,1,1
ENSDARG00000042485,foxd5,78.5,16.56,0.21,6.04,6.04,3.86,1,1,1
ENSDARG00000052856,khdrbs1a,78.38,34.41,8.83,3.01,3.01,1.85,1,0,1
ENSDARG00000008796,her5,77.55,19.46,0.74,5.5,5.50,3.56,1,1,1
ENSDARG00000041959,cxcr4b,77.5,13.21,0.41,5.8,5.80,3.33,1,1,1
ENSDARG00000094081,si:ch211-139k8.4,74.5,8.9,0.2,5.98,5.98,3.04,1,1,1
ENSDARG00000004256,wnt11,74.1,20.58,0.54,5.61,5.61,3.81,1,1,1
ENSDARG00000007795,cst3,71.9,11.88,0.5,5.61,5.60,3.10,1,1,1
ENSDARG00000016526,gata3,71.27,24.27,0.34,5.76,5.75,4.24,1,1,1
ENSDARG00000077067,DDX47 (1 of 2),70.87,12.87,1.82,4.67,4.67,2.30,1,1,1
ENSDARG00000040764,id1,70.6,4.46,0.33,5.75,5.75,2.04,1,1,1
ENSDARG00000020893,slc25a22,67.34,12.13,0.28,5.74,5.74,3.36,1,1,1
ENSDARG00000074631,zgc:154164,66.7,11.64,3.45,3.93,3.93,1.51,1,0,1
ENSDARG00000020834,si:dkey-230p4.1,65.42,33.84,10.37,2.55,2.55,1.62,1,0,1
ENSDARG00000093220,BX571878.2,65.37,16.52,0.18,5.82,5.81,3.89,1,1,1
ENSDARG00000059373,dnajc8,64.72,31.83,8.94,2.72,2.73,1.72,1,0,1
ENSDARG00000090941,HIST2H4A,62.99,16.24,9.38,2.62,2.62,0.73,1,0,0
ENSDARG00000091276,CT990567.2,62.62,16.06,0.18,5.75,5.75,3.85,1,1,1
ENSDARG00000053569,sox3,62.17,14,0.25,5.66,5.66,3.58,1,1,1
ENSDARG00000079203,CR352258.1,62.17,12.37,0.1,5.84,5.84,3.60,1,1,1
ENSDARG00000088703,TGIF2,60.04,20.98,10.74,2.38,2.38,0.90,1,0,0
ENSDARG00000070914,dusp6,59.76,12.76,0.19,5.67,5.67,3.53,1,1,1
ENSDARG00000045898,si:ch211-152c2.3,59.63,2.54,0,5.92,5.92,1.82,1,0,1
ENSDARG00000090232,CU633849.1,59.25,24.22,6.43,3.02,3.02,1.76,1,0,1
ENSDARG00000093129,si:rp71-45k5.2,59.25,19.88,1.52,4.58,4.58,3.05,1,1,1
ENSDARG00000015221,ccdc55,59.03,23.32,9.06,2.58,2.58,1.27,1,0,1
ENSDARG00000045254,C24H7orf50,58.91,24.38,8.61,2.64,2.64,1.40,1,0,1
ENSDARG00000059360,srsf3b,57.98,25.29,11.16,2.28,2.28,1.11,1,0,1
ENSDARG00000044059,lft2,57.61,12.21,0.34,5.45,5.45,3.30,1,1,1
ENSDARG00000040432,klf2b,57.53,6.71,0.11,5.72,5.72,2.80,1,1,1
ENSDARG00000056561,asb11,56.85,3.91,0.18,5.62,5.62,2.06,1,1,1
ENSDARG00000032765,net1,56.81,3.7,0.17,5.63,5.63,2.01,1,1,1
ENSDARG00000055630,foxh1,56.44,20.2,7.98,2.68,2.68,1.24,1,0,1
ENSDARG00000040295,apoeb,55.98,9.58,0.23,5.53,5.53,3.10,1,1,1
ENSDARG00000035151,si:dkey-261j4.3,55.9,8.19,0.09,5.71,5.71,3.08,1,1,1
ENSDARG00000040503,CABZ01070258.1,54.12,2.75,0.14,5.6,5.60,1.72,1,0,1
ENSDARG00000012820,nop56,54.08,21.83,12.63,2.01,2.01,0.74,1,0,0
ENSDARG00000093259,si:dkey-199k11.6,53.98,14.43,0.25,5.46,5.46,3.63,1,1,1
ENSDARG00000011564,sfpq,53.84,17.92,7.78,2.64,2.64,1.11,1,0,1
ENSDARG00000005058,ncapd2,53.25,16.35,5.66,3.03,3.03,1.38,1,0,1
ENSDARG00000088478,,52.65,32.35,10.13,2.27,2.27,1.58,1,0,1
ENSDARG00000070360,C11H3orf54 (2 of 2),52.29,9.28,0.37,5.28,5.28,2.91,1,1,1
ENSDARG00000095677,si:ch73-138e16.1,52.23,10.74,0.29,5.36,5.37,3.19,1,1,1
ENSDARG00000019810,nfe2l3,51.57,24.99,10.3,2.22,2.22,1.20,1,0,1
ENSDARG00000026842,acin1b,51.57,19.85,7.25,2.67,2.67,1.34,1,0,1
ENSDARG00000095573,ZNF251 (22 of 26),51.01,11.44,0.26,5.37,5.37,3.30,1,1,1
ENSDARG00000091205,HIST2H2AB (5 of 22),50.41,27.1,10.72,2.13,2.13,1.26,1,0,1
ENSDARG00000092807,si:dkey-151g10.6,50.12,19.78,10.71,2.13,2.13,0.83,1,0,0
ENSDARG00000092900,si:ch211-279m15.1,49.89,15.31,0.58,5.01,5.01,3.37,1,1,1
ENSDARG00000018241,mfap1,49.87,33.38,11.48,2.03,2.03,1.46,1,0,1
ENSDARG00000061735,hnrnpm,49.18,15.77,6.58,2.73,2.73,1.15,1,0,1
ENSDARG00000021201,flh,48.69,8.46,0.18,5.4,5.40,3.00,1,1,1
ENSDARG00000044462,qk,48.23,22.19,9.24,2.26,2.27,1.18,1,0,1
ENSDARG00000077906,rnf165,47.77,8.22,2.36,3.86,3.86,1.46,1,0,1
ENSDARG00000091062,CR356227.1,47.37,10.3,0.23,5.3,5.30,3.20,1,1,1
ENSDARG00000025372,admp,47.35,6.14,0.17,5.37,5.37,2.61,1,1,1
ENSDARG00000004452,tardbpl,46.36,19.04,7.05,2.56,2.56,1.32,1,0,1
ENSDARG00000093544,CABZ01041280.1,45.78,8.24,0.2,5.28,5.28,2.94,1,1,1
ENSDARG00000088562,zgc:154164,45.69,7.05,2.23,3.85,3.85,1.32,1,0,1
ENSDARG00000020606,nfe2,45.44,14.37,0.58,4.88,4.88,3.28,1,1,1
ENSDARG00000035423,,45.35,11.04,5.2,2.9,2.90,0.96,1,0,0
ENSDARG00000005785,elovl7b,44.37,17.26,6.89,2.52,2.52,1.21,1,0,1
ENSDARG00000092164,si:ch73-299h12.2,44.35,7.15,0.25,5.18,5.18,2.70,1,1,1
ENSDARG00000091137,CABZ01079258.1,43.74,21.3,1.69,4.06,4.06,3.05,1,1,1
ENSDARG00000012495,mphosph10,43.66,22.39,9.81,2.05,2.05,1.11,1,0,1
ENSDARG00000081270,7SK,43.61,7.02,0.92,4.54,4.54,2.06,1,1,1
ENSDARG00000010770,sox19a,43.12,5.25,0.05,5.4,5.39,2.57,1,1,1
ENSDARG00000070282,zgc:173552,42.93,20.12,7.42,2.38,2.38,1.33,1,0,1
ENSDARG00000059748,zgc:154164,42.66,9.25,2.59,3.61,3.60,1.51,1,0,1
ENSDARG00000087543,zgc:154164,42.58,7.77,2.77,3.53,3.53,1.22,1,0,1
ENSDARG00000030905,cited2,42.53,8.27,1.31,4.24,4.24,2.00,1,1,1
ENSDARG00000012140,ccnl1,42.33,13.94,3.56,3.25,3.25,1.71,1,0,1
ENSDARG00000070475,khdrbs1b,42.3,15.35,5.35,2.77,2.77,1.36,1,0,1
ENSDARG00000094729,si:ch211-42i9.4,41.88,2.58,0.13,5.24,5.25,1.66,1,0,1
ENSDARG00000006527,brd3a,41.7,18.74,6.94,2.43,2.43,1.31,1,0,1
ENSDARG00000094931,HIST2H2AB (18 of 22),41.69,7.91,3.47,3.25,3.26,1.00,1,0,0
ENSDARG00000061100,nars,41.52,19.72,8.14,2.22,2.22,1.18,1,0,1
ENSDARG00000041065,hspb1,40.62,2.92,0.27,5.04,5.03,1.63,1,0,1
ENSDARG00000006487,anp32a,39.7,9.8,2.68,3.47,3.47,1.55,1,0,1
ENSDARG00000038785,abcf2a,39.61,12.99,5.15,2.72,2.72,1.19,1,0,1
ENSDARG00000086552,HIST2H2AB (20 of 22),39.32,18.48,8.76,2.05,2.05,1.00,1,0,0
ENSDARG00000095749,si:ch73-299h12.3,38.88,3.94,0.18,5.07,5.08,2.07,1,1,1
ENSDARG00000089737,zgc:154164,38.73,8.46,4.56,2.84,2.84,0.77,1,0,0
ENSDARG00000087182,BX649556.1,38.57,9.78,0.13,5.13,5.13,3.25,1,1,1
ENSDARG00000057633,cxcr4a,38.16,2.94,0.19,5.04,5.04,1.73,1,0,1
ENSDARG00000057430,atg16l1,37.95,14.88,7.91,2.13,2.13,0.83,1,0,0
ENSDARG00000074661,gper,37.74,15.19,0.17,5.05,5.05,3.79,1,1,1
ENSDARG00000017219,pabpc1a,37.72,17.06,7.72,2.15,2.15,1.05,1,0,1
ENSDARG00000037879,lfng,37.42,6.13,0.07,5.17,5.17,2.74,1,1,1
ENSDARG00000004706,syf2,37.26,15.7,5.67,2.52,2.52,1.32,1,0,1
ENSDARG00000091971,si:dkey-43f9.1,37.11,5.39,0,5.25,5.25,2.68,1,1,1
ENSDARG00000035095,oep,36.87,8.92,4.18,2.87,2.87,0.94,1,0,0
ENSDARG00000079539,zgc:163077,36.12,8.5,0.3,4.83,4.84,2.87,1,1,1
ENSDARG00000077126,snrnp70,35.84,16.3,7.71,2.08,2.08,0.99,1,0,0
ENSDARG00000054823,id3,35.77,10.63,4.16,2.83,2.83,1.17,1,0,1
ENSDARG00000090307,BX927212.2,35.47,4.69,0.13,5.01,5.01,2.33,1,1,1
ENSDARG00000090954,CR450840.1,35.07,8.61,0.15,4.97,4.97,3.06,1,1,1
ENSDARG00000087451,HIST2H2AB (21 of 22),34.77,10.89,6.55,2.24,2.24,0.66,1,0,0
ENSDARG00000089822,BX649341.3,34.51,6.67,0.08,5.04,5.04,2.83,1,1,1
ENSDARG00000038695,elavl1,34.46,14.27,7.52,2.06,2.06,0.84,1,0,0
ENSDARG00000083325,snoU85,33.99,5.33,0,5.13,5.13,2.66,1,1,1
ENSDARG00000074266,C3H7orf55,33.98,15.97,6.92,2.14,2.14,1.10,1,0,1
ENSDARG00000051736,HIST2H2AB (17 of 22),33.94,14.72,6.54,2.21,2.21,1.06,1,0,1
ENSDARG00000035147,lrwd1,33.4,8.72,0.23,4.8,4.81,2.98,1,1,1
ENSDARG00000089073,akap8l,33.36,10.57,2.72,3.21,3.21,1.64,1,0,1
ENSDARG00000031683,fos,33.14,8.68,0.17,4.87,4.87,3.05,1,1,1
ENSDARG00000075391,CU182823.1,33.13,7.57,0.15,4.9,4.89,2.90,1,1,1
ENSDARG00000077473,mych,32.78,4.3,0.67,4.34,4.34,1.67,1,0,1
ENSDARG00000008049,si:dkey-42i9.4,32.42,12.19,5.6,2.34,2.34,1.00,1,0,0
ENSDARG00000094859,ZSCAN29,32.32,2.09,0.07,4.97,4.96,1.53,1,0,1
ENSDARG00000059001,pim2,32.15,4.18,0.29,4.69,4.68,2.01,1,1,1
ENSDARG00000015835,eif4e2rs1,32.11,17.31,6.98,2.05,2.05,1.20,1,0,1
ENSDARG00000013853,lmo4a,31.93,7.06,1.43,3.76,3.76,1.73,1,0,1
ENSDARG00000035324,hnrpl,31.93,12.93,4.99,2.46,2.46,1.22,1,0,1
ENSDARG00000070898,si:ch211-262h13.3,31.39,8.26,1.6,3.64,3.64,1.83,1,0,1
ENSDARG00000018904,cstf3,31.13,12.95,6.62,2.08,2.08,0.87,1,0,0
ENSDARG00000031907,ptbp1b,30.95,9.04,3.67,2.77,2.77,1.10,1,0,1
ENSDARG00000042667,klf2a,30.58,4.02,0.2,4.72,4.72,2.06,1,1,1
ENSDARG00000081126,snoU85,29.88,12.9,0.16,4.73,4.73,3.58,1,1,1
ENSDARG00000086223,CU469509.1,29.67,7.64,3.5,2.77,2.77,0.94,1,0,0
ENSDARG00000074012,FP325123.1,29.43,4.15,0.69,4.17,4.17,1.61,1,0,1
ENSDARG00000044093,rpl13a,29.25,10.06,5.55,2.21,2.21,0.76,1,0,0
ENSDARG00000018524,midn,29.03,11.17,4.57,2.43,2.43,1.13,1,0,1
ENSDARG00000039943,fam46ba,27.79,4.91,0.14,4.65,4.66,2.37,1,1,1
ENSDARG00000035750,ccnd1,27.61,1.14,0.12,4.68,4.67,0.93,1,0,0
ENSDARG00000074491,,27.35,10.86,5.25,2.18,2.18,0.92,1,0,0
ENSDARG00000091176,BX663505.2,27.12,5.34,0.07,4.72,4.72,2.57,1,1,1
ENSDARG00000095115,zgc:171759,26.83,9.92,4.94,2.23,2.23,0.88,1,0,0
ENSDARG00000039034,marcksl1,26.47,2.7,0.15,4.58,4.58,1.69,1,0,1
ENSDARG00000087626,gb:am422109,26.25,6.25,0.1,4.63,4.63,2.72,1,1,1
ENSDARG00000093503,RSF1 (2 of 3),26.15,15.49,5.51,2.06,2.06,1.34,1,0,1
ENSDARG00000032651,ppp1r10,25.7,10.07,5.35,2.07,2.07,0.80,1,0,0
ENSDARG00000007863,tra2a,25.42,10.13,5.56,2.01,2.01,0.76,1,0,0
ENSDARG00000093865,CR356223.3,25.4,6.01,0.1,4.59,4.58,2.67,1,1,1
ENSDARG00000033999,cyp26a1,25.31,3.8,1.66,3.3,3.31,0.85,1,0,0
ENSDARG00000058454,dynll1,25.26,6.88,2.12,3.07,3.07,1.34,1,0,1
ENSDARG00000089832,CABZ01056274.1,25.18,5.52,0.16,4.49,4.50,2.49,1,1,1
ENSDARG00000004757,ybx1,25.15,8.97,3.11,2.67,2.67,1.28,1,0,1
ENSDARG00000058917,nnr,25.12,1.7,0.05,4.64,4.64,1.36,1,0,1
ENSDARG00000057813,lratb,24.83,2.93,0.2,4.43,4.43,1.71,1,0,1
ENSDARG00000014310,arl1,24.6,13.22,5.37,2.01,2.01,1.16,1,0,1
ENSDARG00000040046,snai2,24.43,4.16,0.74,3.87,3.87,1.57,1,0,1
ENSDARG00000042080,prpf39,24.38,3.82,0.93,3.72,3.72,1.32,1,0,1
ENSDARG00000018898,zfand5a,23.97,10.91,4.44,2.2,2.20,1.13,1,0,1
ENSDARG00000054906,ier5l,23.6,4.08,0.08,4.51,4.51,2.23,1,1,1
ENSDARG00000070705,zgc:64022,23.54,3.89,0.11,4.47,4.47,2.14,1,1,1
ENSDARG00000057096,ndr1,23.39,7.74,0.36,4.16,4.16,2.68,1,1,1
ENSDARG00000076670,ZNF251 (15 of 26),23.31,3.94,0.1,4.47,4.47,2.17,1,1,1
ENSDARG00000058179,cxcr7b,23.15,0.92,0.01,4.57,4.58,0.93,1,0,0
ENSDARG00000015805,cgnl1,23.07,10.33,4.64,2.09,2.09,1.01,1,0,1
ENSDARG00000090053,CABZ01072511.1,23.03,14.31,2.41,2.82,2.82,2.17,1,1,1
ENSDARG00000039641,rpl26,23.03,6.16,1.98,3.01,3.01,1.26,1,0,1
ENSDARG00000093787,si:dkey-182g1.8,23.01,5.43,0.09,4.46,4.46,2.56,1,1,1
ENSDARG00000055996,rps8a,22.83,6.56,2.7,2.69,2.69,1.03,1,0,1
ENSDARG00000012777,nucks1b,22.69,7.45,4.01,2.24,2.24,0.75,1,0,0
ENSDARG00000055678,akap12b,22.08,1.07,0.03,4.48,4.49,1.01,1,0,1
ENSDARG00000019659,foxi1,22.03,2.64,0.08,4.41,4.41,1.75,1,0,1
ENSDARG00000090651,RFC4,22.02,11.01,3.07,2.5,2.50,1.56,1,0,1
ENSDARG00000019962,dopey1,21.89,8.98,2.19,2.84,2.84,1.65,1,0,1
ENSDARG00000031776,zgc:92066,21.8,8.75,4.55,2.04,2.04,0.81,1,0,0
ENSDARG00000090316,ZNF251 (16 of 26),21.65,3.02,0.16,4.28,4.29,1.79,1,0,1
ENSDARG00000090296,BX005448.1,21.51,3.82,0.08,4.38,4.38,2.16,1,1,1
ENSDARG00000089437,,21.44,8.51,0.87,3.59,3.58,2.35,1,1,1
ENSDARG00000025073,rpl18a,21.18,10.89,4.35,2.05,2.05,1.15,1,0,1
ENSDARG00000079524,si:ch211-168h21.3,21.11,2.14,0.04,4.41,4.41,1.59,1,0,1
ENSDARG00000039020,fbxo5,20.82,8.55,3.63,2.24,2.24,1.04,1,0,1
ENSDARG00000088686,HIST2H2AB (14 of 22),20.81,4.08,2.75,2.54,2.54,0.44,1,0,0
ENSDARG00000016783,srsf6b,20.69,6.99,3.04,2.42,2.42,0.98,1,0,0
ENSDARG00000091401,HMGXB4 (2 of 2),20.22,6.87,3.46,2.25,2.25,0.82,1,0,0
ENSDARG00000087694,zgc:112234,20.17,9.53,3.43,2.26,2.26,1.25,1,0,1
ENSDARG00000091987,CU929205.1,20.14,4.45,0.3,4.02,4.02,2.07,1,1,1
ENSDARG00000086271,ACYP2,20.09,6.36,0,4.4,4.40,2.88,1,1,1
ENSDARG00000009040,zgc:73324,19.98,1.89,0.08,4.28,4.28,1.42,1,0,1
ENSDARG00000019920,lft1,19.8,6.85,0.17,4.15,4.15,2.75,1,1,1
ENSDARG00000007356,fgf20a,19.56,9.02,1.3,3.16,3.16,2.12,1,1,1
ENSDARG00000090640,BX571813.6,19.42,4.01,0,4.35,4.35,2.32,1,1,1
ENSDARG00000040955,dharma,19.38,5.31,0.34,3.92,3.93,2.24,1,1,1
ENSDARG00000089042,foxb1.2,19.06,3.93,0.03,4.28,4.28,2.26,1,1,1
ENSDARG00000027249,btg1,18.89,4.36,0.44,3.79,3.79,1.90,1,0,1
ENSDARG00000008333,znfl2a,18.68,6.33,1.72,2.86,2.86,1.43,1,0,1
ENSDARG00000031138,irx3b,18.59,3.57,0.11,4.15,4.14,2.04,1,1,1
ENSDARG00000079639,PRRC2B,18.5,5.85,2.08,2.66,2.66,1.15,1,0,1
ENSDARG00000070020,cyp2aa9,18.48,1.14,0.03,4.23,4.24,1.05,1,0,1
ENSDARG00000091754,CHCHD5,18.42,7.58,2.97,2.29,2.29,1.11,1,0,1
ENSDARG00000013794,klf11b,18.39,6.08,2.59,2.43,2.43,0.98,1,0,0
ENSDARG00000053192,zgc:112399,18.37,7.2,2.16,2.62,2.62,1.38,1,0,1
ENSDARG00000040059,gbp,18.26,6.95,2.38,2.51,2.51,1.23,1,0,1
ENSDARG00000077717,RPL29,18.1,13.25,3,2.26,2.26,1.83,1,0,1
ENSDARG00000079652,C7H9orf82,18.06,3.65,0.58,3.59,3.59,1.56,1,0,1
ENSDARG00000011613,rbm39a,17.58,6.6,1.29,3.02,3.02,1.73,1,0,1
ENSDARG00000019963,sfxn1,17.44,7.89,2.55,2.38,2.38,1.32,1,0,1
ENSDARG00000091968,si:dkey-50i6.6,17.25,1.51,0.19,3.94,3.94,1.08,1,0,1
ENSDARG00000071005,ppp1r3ca,17.22,5.1,0.79,3.35,3.35,1.77,1,0,1
ENSDARG00000078004,drl,17.21,2.26,0.02,4.16,4.16,1.68,1,0,1
ENSDARG00000093071,zgc:114037,17.19,7.71,2.31,2.46,2.46,1.40,1,0,1
ENSDARG00000095691,si:ch73-138e16.5,17.13,3.25,0.11,4.02,4.03,1.94,1,0,1
ENSDARG00000035871,rpl30,17.07,5.13,1.64,2.77,2.77,1.22,1,0,1
ENSDARG00000031929,stard10,17.03,5.23,2.25,2.47,2.47,0.94,1,0,0
ENSDARG00000045219,dkk1b,16.59,5.86,0.44,3.61,3.61,2.25,1,1,1
ENSDARG00000059337,tgif1,16.58,6.56,3.38,2,2.00,0.79,1,0,0
ENSDARG00000036496,scp2b,16.37,2.09,0.87,3.22,3.22,0.72,1,0,0
ENSDARG00000091753,zgc:174700,16.29,2.86,0.06,4.03,4.03,1.86,1,0,1
ENSDARG00000009881,ier5,16.06,2.57,0.05,4.02,4.02,1.77,1,0,1
ENSDARG00000031216,ssu72,15.93,6.42,2.98,2.09,2.09,0.90,1,0,0
ENSDARG00000094154,,15.78,4.89,1.88,2.54,2.54,1.03,1,0,1
ENSDARG00000076264,zgc:195170,15.67,4.8,0,4.06,4.06,2.54,1,1,1
ENSDARG00000044625,pcf11,15.64,5.71,2.15,2.4,2.40,1.09,1,0,1
ENSDARG00000078753,BX571813.2,15.56,4.03,0.02,4.02,4.02,2.30,1,1,1
ENSDARG00000093115,si:ch211-255g12.9,15.38,2.59,0,4.03,4.03,1.84,1,0,1
ENSDARG00000077777,TMSB10 (2 of 3),15.38,6.75,2.55,2.21,2.21,1.13,1,0,1
ENSDARG00000057085,bhik,15.34,1.08,0,4.03,4.03,1.06,1,0,1
ENSDARG00000061923,amotl2a,15.29,3.92,1.9,2.49,2.49,0.76,1,0,0
ENSDARG00000016200,trib3,15.22,4.66,2.17,2.35,2.36,0.84,1,0,0
ENSDARG00000036174,rpl14,14.81,5.3,1.53,2.64,2.64,1.32,1,0,1
ENSDARG00000038141,atf4b2,14.81,2.43,0.11,3.83,3.83,1.63,1,0,1
ENSDARG00000089814,zgc:173703,14.49,2.52,0.04,3.89,3.90,1.76,1,0,1
ENSDARG00000074636,,14.41,7.06,2.8,2.02,2.02,1.08,1,0,1
ENSDARG00000086591,zgc:114037,14.35,4.68,2.18,2.27,2.27,0.84,1,0,0
ENSDARG00000095554,BX571813.7,14.31,2.86,0.07,3.84,3.84,1.85,1,0,1
ENSDARG00000090141,BX004879.1,14.27,3.28,0.09,3.81,3.81,1.97,1,0,1
ENSDARG00000093994,BX855590.3,14.24,1.95,0.05,3.87,3.86,1.49,1,0,1
ENSDARG00000079173,COPS6,14.2,4.58,0.96,2.96,2.96,1.51,1,0,1
ENSDARG00000016253,,14.17,2.79,0.03,3.88,3.88,1.88,1,0,1
ENSDARG00000021059,alas1,14.15,5.19,2.57,2.08,2.09,0.79,1,0,0
ENSDARG00000076400,BX088547.1,14.09,2.16,0.09,3.79,3.79,1.54,1,0,1
ENSDARG00000059246,hnrnpd,13.95,5.23,2.09,2.27,2.27,1.01,1,0,1
ENSDARG00000086296,BX649307.1,13.91,2.1,0.01,3.88,3.88,1.62,1,0,1
ENSDARG00000027744,gadd45ba,13.67,3.34,0.13,3.7,3.70,1.94,1,0,1
ENSDARG00000077456,zgc:110216,13.63,2.69,0.9,2.95,2.94,0.96,1,0,0
ENSDARG00000086791,BX324212.1,13.55,1.87,0.03,3.82,3.82,1.48,1,0,1
ENSDARG00000030440,C13H1orf63,13.51,4.16,1.12,2.78,2.77,1.28,1,0,1
ENSDARG00000077726,ccrn4la,13.51,5.23,0.44,3.33,3.33,2.11,1,1,1
ENSDARG00000026561,dnajc17,13.43,5.91,2.04,2.25,2.25,1.18,1,0,1
ENSDARG00000017917,her7,13.35,5.31,0.79,3,3.00,1.82,1,0,1
ENSDARG00000023003,ccdc12,13.35,5.78,2.23,2.15,2.15,1.07,1,0,1
ENSDARG00000001169,hsd17b8,13.25,3.34,0.58,3.18,3.17,1.46,1,0,1
ENSDARG00000069135,PPP1R15A,13.24,2.6,0.46,3.29,3.29,1.30,1,0,1
ENSDARG00000015611,rasl11b,13.17,4.81,0.25,3.5,3.50,2.22,1,1,1
ENSDARG00000036888,C25HXorf38 (1 of 2),13.11,8.3,0.93,2.87,2.87,2.27,1,1,1
ENSDARG00000076160,AL845295.1,13,3.85,0.03,3.77,3.76,2.24,1,1,1
ENSDARG00000092080,CABZ01015530.1,12.89,1.56,0.02,3.76,3.77,1.33,1,0,1
ENSDARG00000089787,CREBZF,12.85,2.99,0.22,3.51,3.50,1.71,1,0,1
ENSDARG00000013478,rrp15,12.83,5.26,1.02,2.77,2.78,1.63,1,0,1
ENSDARG00000093756,zgc:112234,12.82,3.59,2.01,2.2,2.20,0.61,1,0,0
ENSDARG00000093864,wee1,12.79,2.61,0.6,3.11,3.11,1.17,1,0,1
ENSDARG00000087472,zgc:154164,12.78,5.17,0.63,3.08,3.08,1.92,1,0,1
ENSDARG00000074848,C11H19orf42,12.77,3.09,0.23,3.48,3.48,1.73,1,0,1
ENSDARG00000051775,HIST2H2AB (16 of 22),12.73,7.96,1.51,2.45,2.45,1.84,1,0,1
ENSDARG00000077631,si:ch73-353p21.5,12.71,2.62,1.02,2.76,2.76,0.84,1,0,0
ENSDARG00000095681,si:dkeyp-100a5.3,12.65,2.87,0.23,3.48,3.47,1.65,1,0,1
ENSDARG00000051718,CR354435.1,12.65,2.13,0.94,2.81,2.81,0.69,1,0,0
ENSDARG00000059073,gsc,12.6,2.28,0.18,3.53,3.53,1.47,1,0,1
ENSDARG00000039515,atf4b1,12.46,3.19,0.11,3.59,3.60,1.92,1,0,1
ENSDARG00000054540,imp4,12.42,4.42,1.19,2.62,2.62,1.31,1,0,1
ENSDARG00000041430,bmp2b,12.35,1.21,0.08,3.63,3.63,1.03,1,0,1
ENSDARG00000059327,gata2a,12.32,1.67,0.11,3.59,3.58,1.27,1,0,1
ENSDARG00000077811,sox11a,12.29,0.66,0.02,3.7,3.70,0.70,1,0,0
ENSDARG00000045444,fzd8a,12.27,2.29,0.05,3.66,3.66,1.65,1,0,1
ENSDARG00000041232,rps29,12.21,6.63,2.06,2.11,2.11,1.32,1,0,1
ENSDARG00000034457,C8H1orf194,12.15,1.74,0.35,3.28,3.28,1.02,1,0,1
ENSDARG00000003681,eif5,12.12,3.66,1.85,2.2,2.20,0.71,1,0,0
ENSDARG00000091011,zgc:154164,12.04,3.74,0.27,3.37,3.36,1.90,1,0,1
ENSDARG00000078301,C22H6orf89,12.03,4.04,1.09,2.64,2.64,1.27,1,0,1
ENSDARG00000030408,rps26l,12,5.05,1.72,2.26,2.26,1.15,1,0,1
ENSDARG00000093946,si:ch211-13c6.3,11.94,6.53,2.15,2.04,2.04,1.26,1,0,1
ENSDARG00000091032,POLDIP3,11.92,5.22,1.02,2.67,2.68,1.62,1,0,1
ENSDARG00000036175,PCDH1 (1 of 2),11.88,1.96,0.18,3.45,3.45,1.33,1,0,1
ENSDARG00000041538,MRPS28,11.87,3.24,1.33,2.47,2.47,0.86,1,0,0
ENSDARG00000055043,depdc7,11.78,0.96,0.06,3.59,3.59,0.89,1,0,0
ENSDARG00000033143,SUPT4H1,11.75,3.26,1.48,2.36,2.36,0.78,1,0,0
ENSDARG00000087917,BX649341.1,11.63,1.45,0.02,3.63,3.63,1.26,1,0,1
ENSDARG00000019362,ptbp1a,11.53,1.34,0.16,3.43,3.43,1.01,1,0,1
ENSDARG00000094843,si:dkey-228i19.32,11.51,1.71,0.07,3.54,3.55,1.34,1,0,1
ENSDARG00000095181,si:ch73-299h12.1,11.5,1.95,0.05,3.58,3.57,1.49,1,0,1
ENSDARG00000077721,C1H16orf88,11.49,4.95,1.53,2.3,2.30,1.23,1,0,1
ENSDARG00000089842,CR339044.2,11.45,1.95,0.02,3.61,3.61,1.53,1,0,1
ENSDARG00000070434,rhov,11.38,1.57,0.31,3.24,3.24,0.97,1,0,0
ENSDARG00000055381,bambia,11.21,2.23,0.65,2.89,2.89,0.97,1,0,0
ENSDARG00000090591,,11.17,5.16,1.12,2.52,2.52,1.54,1,0,1
ENSDARG00000089155,CABZ01038979.1,10.93,2.04,0.03,3.54,3.53,1.56,1,0,1
ENSDARG00000068941,zgc:113983,10.76,3.77,0.38,3.09,3.09,1.79,1,0,1
ENSDARG00000027899,shfm1,10.71,3.93,1.57,2.19,2.19,0.94,1,0,0
ENSDARG00000060472,C15H11orf51,10.53,2.54,1.2,2.39,2.39,0.69,1,0,0
ENSDARG00000091798,CABZ01024854.1,10.5,2.67,0.05,3.46,3.45,1.81,1,0,1
ENSDARG00000037178,zic2b,10.49,0.62,0,3.52,3.52,0.70,1,0,0
ENSDARG00000019230,rpl7a,10.46,5,1.62,2.13,2.13,1.20,1,0,1
ENSDARG00000041299,zgc:110796,10.36,2.37,0.66,2.78,2.77,1.02,1,0,1
ENSDARG00000095220,wu:fb94b09,10.33,2.38,0,3.5,3.50,1.76,1,0,1
ENSDARG00000092337,si:ch211-198n5.9,10.26,2.85,0.05,3.42,3.42,1.87,1,0,1
ENSDARG00000059120,pim1,10.07,1.85,0.18,3.24,3.23,1.27,1,0,1
ENSDARG00000014244,rbmx,9.88,2.98,1.06,2.4,2.40,0.95,1,0,0
ENSDARG00000095617,si:dkey-4c15.7,9.87,3.2,0.48,2.87,2.88,1.50,1,0,1
ENSDARG00000040126,CDC37,9.83,3.66,1.53,2.1,2.10,0.88,1,0,0
ENSDARG00000007320,rpl7,9.75,4.3,1.52,2.09,2.09,1.07,1,0,1
ENSDARG00000091689,CABZ01111623.1,9.74,0.86,0.03,3.38,3.38,0.85,1,0,0
ENSDARG00000095340,hist2h3ca1,9.72,4.78,0.94,2.47,2.47,1.58,1,0,1
ENSDARG00000094542,si:dkey-121h17.7,9.67,1.84,0.5,2.83,2.83,0.92,1,0,0
ENSDARG00000019417,gadd45g,9.65,3.04,0.02,3.38,3.38,1.99,1,0,1
ENSDARG00000091419,nrarpa,9.61,2.05,0.26,3.07,3.07,1.28,1,0,1
ENSDARG00000078419,FILIP1 (2 of 2),9.55,2.36,0.02,3.37,3.37,1.72,1,0,1
ENSDARG00000038784,zgc:110143,9.55,2.23,0.06,3.32,3.32,1.61,1,0,1
ENSDARG00000094364,zgc:174642,9.54,2.53,0.09,3.27,3.27,1.70,1,0,1
ENSDARG00000016608,fra10ac1,9.48,4.95,1.5,2.07,2.07,1.25,1,0,1
ENSDARG00000040666,mki67ip,9.44,2.19,0.75,2.58,2.58,0.87,1,0,0
ENSDARG00000077177,map2k4b,9.41,2.62,0.48,2.81,2.81,1.29,1,0,1
ENSDARG00000087844,plekhn1,9.33,0.46,0.01,3.35,3.35,0.53,1,0,0
ENSDARG00000089169,CABZ01086802.2,9.31,4.64,1.23,2.21,2.21,1.34,1,0,1
ENSDARG00000038569,fzd8b,9.3,2.7,0.18,3.12,3.13,1.65,1,0,1
ENSDARG00000076857,her3,9.28,1.15,0.1,3.22,3.22,0.97,1,0,0
ENSDARG00000078986,C2H7orf11,9.27,2.1,0.14,3.18,3.17,1.44,1,0,1
ENSDARG00000004312,vapa,9.25,6.27,0.58,2.7,2.70,2.20,1,1,1
ENSDARG00000021257,eif3d,9.16,6.14,1.54,2,2.00,1.49,1,0,1
ENSDARG00000091432,BX666065.1,9.14,1.62,0,3.34,3.34,1.39,1,0,1
ENSDARG00000088835,EFS,9.07,2.44,0.04,3.28,3.28,1.73,1,0,1
ENSDARG00000059279,tfap2a,8.94,0.73,0.2,3.05,3.05,0.53,1,0,0
ENSDARG00000094572,BX936382.3,8.93,1.72,0.03,3.27,3.27,1.40,1,0,1
ENSDARG00000090569,CABZ01057951.1,8.92,1.82,0.67,2.57,2.57,0.76,1,0,0
ENSDARG00000036385,foxa,8.86,3.03,1.44,2.02,2.01,0.72,1,0,0
ENSDARG00000057184,C2H7orf25,8.83,2.28,1.17,2.18,2.18,0.60,1,0,0
ENSDARG00000036292,cdx4,8.79,1.95,0.09,3.17,3.17,1.44,1,0,1
ENSDARG00000087053,DDX47 (2 of 2),8.6,4.24,0.95,2.3,2.30,1.43,1,0,1
ENSDARG00000090209,CR388148.1,8.6,1.36,0.01,3.25,3.25,1.22,1,0,1
ENSDARG00000092291,si:ch211-281g2.3,8.6,2.01,0.02,3.23,3.23,1.56,1,0,1
ENSDARG00000089499,ZNF251 (19 of 26),8.54,1.47,0.02,3.22,3.23,1.28,1,0,1
ENSDARG00000054533,araf,8.35,2.72,0.36,2.78,2.78,1.45,1,0,1
ENSDARG00000087744,CU302413.1,8.34,1.73,0.03,3.19,3.18,1.41,1,0,1
ENSDARG00000077111,fzd4,8.32,0.69,0,3.22,3.22,0.76,1,0,0
ENSDARG00000086839,BX324216.1,8.31,0.93,0.05,3.14,3.15,0.88,1,0,0
ENSDARG00000094917,BX324155.2,8.18,1.75,0.02,3.17,3.17,1.43,1,0,1
ENSDARG00000077652,,8.17,1.36,0,3.2,3.20,1.24,1,0,1
ENSDARG00000076111,GXYLT1 (1 of 2),8.16,1.76,0.34,2.77,2.77,1.04,1,0,1
ENSDARG00000027918,ccne2,8.15,1.17,0.19,2.95,2.94,0.87,1,0,0
ENSDARG00000070265,HIST2H2AB (2 of 22),8.15,4.44,0.88,2.29,2.28,1.53,1,0,1
ENSDARG00000069910,gtf2f2a,8.15,4.02,1.01,2.18,2.19,1.32,1,0,1
ENSDARG00000089734,CABZ01065246.2,8.11,2.8,0.06,3.11,3.10,1.84,1,0,1
ENSDARG00000018693,cdh2,8.06,1.06,0.27,2.84,2.83,0.70,1,0,0
ENSDARG00000087791,BX276122.1,7.98,1.93,0.03,3.12,3.12,1.51,1,0,1
ENSDARG00000033539,paics,7.92,1.42,0.51,2.56,2.56,0.68,1,0,0
ENSDARG00000075996,si:dkey-103d23.5,7.8,0.69,0.02,3.11,3.11,0.73,1,0,0
ENSDARG00000087505,CYYR1,7.78,1.86,0.22,2.85,2.85,1.23,1,0,1
ENSDARG00000058369,MEX3B,7.77,0.26,0.08,3.03,3.02,0.22,1,0,0
ENSDARG00000092278,si:dkey-18j14.4,7.77,3.13,0,3.13,3.13,2.05,1,1,1
ENSDARG00000056950,epyc,7.57,0.95,0.04,3.04,3.04,0.91,1,0,0
ENSDARG00000009737,MIXL1 (2 of 2),7.57,1.42,0.33,2.69,2.69,0.86,1,0,0
ENSDARG00000075883,bub3,7.52,2.23,0.78,2.26,2.26,0.86,1,0,0
ENSDARG00000045348,NUP54,7.52,1.83,0.23,2.79,2.79,1.20,1,0,1
ENSDARG00000090358,BX957234.1,7.46,1.36,0,3.08,3.08,1.24,1,0,1
ENSDARG00000043180,gpd1b,7.39,0.96,0.04,3.02,3.01,0.91,1,0,0
ENSDARG00000093764,si:dkey-145c18.5,7.37,1.65,0.06,2.99,2.98,1.32,1,0,1
ENSDARG00000094876,si:ch73-299h12.4,7.37,3.18,0.92,2.12,2.12,1.12,1,0,1
ENSDARG00000017164,vent,7.37,2.58,0.15,2.86,2.86,1.64,1,0,1
ENSDARG00000058479,zgc:110425,7.35,0.86,0.32,2.66,2.66,0.49,1,0,0
ENSDARG00000079368,CLDN18,7.34,1.72,0.14,2.87,2.87,1.25,1,0,1
ENSDARG00000015978,COX5B (1 of 3),7.33,4.13,0.67,2.32,2.32,1.62,1,0,1
ENSDARG00000042322,si:dkey-177p2.6,7.24,1.86,0.92,2.1,2.10,0.57,1,0,0
ENSDARG00000036298,rps13,7.21,3.27,0.92,2.1,2.10,1.15,1,0,1
ENSDARG00000033182,arl4ab,7.14,1.22,0.04,2.97,2.97,1.09,1,0,1
ENSDARG00000088392,BX088547.2,6.99,1.27,0.19,2.74,2.75,0.93,1,0,0
ENSDARG00000068708,ifrd1,6.97,1.8,0.39,2.52,2.52,1.01,1,0,1
ENSDARG00000018308,ets2,6.97,2.38,0.82,2.13,2.13,0.89,1,0,0
ENSDARG00000002353,TAGAP (1 of 2),6.95,0.61,0.01,2.98,2.98,0.67,1,0,0
ENSDARG00000074359,si:ch211-155k24.1,6.95,0.78,0.03,2.95,2.95,0.79,1,0,0
ENSDARG00000038576,ube2d1,6.94,2.73,0.95,2.02,2.03,0.94,1,0,0
ENSDARG00000075936,SUGP1,6.91,1.54,0.88,2.07,2.07,0.43,1,0,0
ENSDARG00000068021,si:ch211-224b1.4,6.91,2.03,0.61,2.3,2.30,0.91,1,0,0
ENSDARG00000012788,foxa3,6.81,0.29,0.01,2.95,2.95,0.35,1,0,0
ENSDARG00000091021,CABZ01001466.1,6.77,1.62,0.01,2.95,2.94,1.38,1,0,1
ENSDARG00000091124,RPS19BP1,6.77,1.53,0.87,2.06,2.05,0.44,1,0,0
ENSDARG00000020219,dld,6.69,0.72,0.02,2.91,2.91,0.75,1,0,0
ENSDARG00000003754,TSPAN2 (1 of 2),6.61,2.15,0.42,2.43,2.42,1.15,1,0,1
ENSDARG00000086690,BX663613.2,6.59,1.07,0,2.92,2.92,1.05,1,0,1
ENSDARG00000074789,si:ch73-138e16.6,6.56,1.12,0.4,2.44,2.43,0.60,1,0,0
ENSDARG00000077769,CITED1,6.54,0.57,0.13,2.74,2.74,0.47,1,0,0
ENSDARG00000089854,CDKN1C (2 of 2),6.49,0.77,0.09,2.78,2.78,0.70,1,0,0
ENSDARG00000041754,cct2,6.49,2.15,0.85,2.02,2.02,0.77,1,0,0
ENSDARG00000052134,zgc:111991,6.46,3.12,0.79,2.06,2.06,1.20,1,0,1
ENSDARG00000092441,si:dkey-53f14.2,6.26,1.08,0.01,2.85,2.85,1.04,1,0,1
ENSDARG00000094076,CR450840.2,6.26,1.44,0.27,2.51,2.52,0.94,1,0,0
ENSDARG00000089097,CR388363.1,6.16,1.43,0.05,2.77,2.77,1.21,1,0,1
ENSDARG00000090622,BX901974.3,6.15,1.17,0.05,2.76,2.77,1.05,1,0,1
ENSDARG00000074658,upf2,6.11,3.32,0.64,2.12,2.12,1.40,1,0,1
ENSDARG00000095705,C4H22orf40,6.1,2.19,0.74,2.03,2.03,0.87,1,0,0
ENSDARG00000078024,CU570881.1,6.09,2.79,0.03,2.79,2.78,1.88,1,0,1
ENSDARG00000077205,zgc:153116,6.05,2.39,0.68,2.07,2.07,1.01,1,0,1
ENSDARG00000030703,otx1a,6.02,0.54,0.02,2.79,2.78,0.59,1,0,0
ENSDARG00000009950,edf1,6.01,1.6,0.54,2.19,2.19,0.76,1,0,0
ENSDARG00000076807,zgc:113265,5.95,1.1,0.15,2.6,2.60,0.87,1,0,0
ENSDARG00000038386,ascl1a,5.94,1.3,0,2.8,2.79,1.20,1,0,1
ENSDARG00000055831,si:dkey-182g1.6,5.93,1.84,0.03,2.74,2.75,1.46,1,0,1
ENSDARG00000035149,pex12,5.91,2.46,0.58,2.13,2.13,1.13,1,0,1
ENSDARG00000035150,si:dkey-261j4.4,5.85,0.77,0,2.78,2.78,0.82,1,0,0
ENSDARG00000094308,CR759833.1,5.75,0.66,0,2.75,2.75,0.73,1,0,0
ENSDARG00000070084,phf10,5.72,2.81,0.47,2.19,2.19,1.37,1,0,1
ENSDARG00000091994,BX649516.4,5.7,0.89,0.01,2.73,2.73,0.90,1,0,0
ENSDARG00000074979,LARP4 (1 of 2),5.68,1.42,0.54,2.12,2.12,0.65,1,0,0
ENSDARG00000069869,zgc:113030,5.68,1.27,0.23,2.44,2.44,0.88,1,0,0
ENSDARG00000006837,mycn,5.65,0.67,0.02,2.71,2.70,0.71,1,0,0
ENSDARG00000008887,ephx1l,5.62,1.48,0.25,2.4,2.40,0.99,1,0,0
ENSDARG00000089697,BX546447.2,5.62,1.31,0.32,2.33,2.33,0.81,1,0,0
ENSDARG00000095734,si:ch211-196g2.8,5.58,0.66,0.02,2.69,2.69,0.70,1,0,0
ENSDARG00000093110,BX539341.3,5.55,1.16,0.06,2.63,2.63,1.03,1,0,1
ENSDARG00000075666,tsc22d3,5.55,0.66,0.05,2.65,2.64,0.66,1,0,0
ENSDARG00000061120,slc43a2b,5.52,1.21,0.28,2.35,2.35,0.79,1,0,0
ENSDARG00000040893,bmper,5.52,0.45,0,2.7,2.70,0.54,1,0,0
ENSDARG00000074868,si:dkey-4c15.16,5.51,1.43,0.63,2,2.00,0.58,0,0,0
ENSDARG00000036612,ift27,5.48,1.96,0.5,2.11,2.11,0.98,1,0,0
ENSDARG00000090587,BX649341.4,5.42,0.97,0,2.68,2.68,0.98,1,0,0
ENSDARG00000086389,CR556708.1,5.42,1.02,0.01,2.66,2.67,1.00,1,0,1
ENSDARG00000039989,snrnp48,5.4,3.4,0.26,2.35,2.34,1.80,1,0,1
ENSDARG00000087886,si:dkey-15h8.13,5.37,1.93,0.38,2.21,2.21,1.09,1,0,1
ENSDARG00000013966,psma6b,5.34,1.08,0.34,2.24,2.24,0.63,1,0,0
ENSDARG00000055647,ftr82,5.31,0.58,0.02,2.62,2.63,0.63,1,0,0
ENSDARG00000090220,BX324003.1,5.28,0.82,0,2.65,2.65,0.86,1,0,0
ENSDARG00000086289,CT955963.2,5.26,1.18,0.03,2.6,2.60,1.08,1,0,1
ENSDARG00000042796,yy1a,5.24,0.47,0.15,2.43,2.44,0.35,1,0,0
ENSDARG00000089302,HNRNPA0 (1 of 3),5.23,1.13,0.23,2.34,2.34,0.79,1,0,0
ENSDARG00000026090,C12H17orf48,5.22,0.89,0.16,2.43,2.42,0.70,1,0,0
ENSDARG00000087824,BX324179.2,5.22,0.81,0.04,2.58,2.58,0.80,1,0,0
ENSDARG00000060004,fzd7a,5.21,0.46,0.06,2.54,2.55,0.46,1,0,0
ENSDARG00000006345,MED17,5.02,1.1,0.41,2.09,2.09,0.57,1,0,0
ENSDARG00000094267,,4.9,0.54,0.03,2.51,2.52,0.58,1,0,0
ENSDARG00000073788,C14H4orf14,4.9,0.49,0.26,2.23,2.23,0.24,1,0,0
ENSDARG00000094017,zgc:173617,4.87,0.63,0.06,2.48,2.47,0.62,1,0,0
ENSDARG00000041435,uba52,4.84,2.57,0.38,2.08,2.08,1.37,1,0,1
ENSDARG00000053058,rps11,4.82,1.44,0.14,2.35,2.35,1.10,1,0,1
ENSDARG00000052011,rrad,4.77,0.78,0.1,2.4,2.39,0.69,1,0,0
ENSDARG00000092561,si:ch211-207c6.4,4.76,1.09,0.11,2.38,2.38,0.91,1,0,0
ENSDARG00000013802,pcid2,4.73,1,0.25,2.19,2.20,0.68,1,0,0
ENSDARG00000010658,insig1,4.73,0.98,0.33,2.11,2.11,0.57,1,0,0
ENSDARG00000089210,FP102169.1,4.73,1.2,0,2.52,2.52,1.14,1,0,1
ENSDARG00000006110,chd,4.68,0.6,0.01,2.49,2.49,0.66,1,0,0
ENSDARG00000092000,BX957234.2,4.67,0.61,0.01,2.49,2.49,0.67,1,0,0
ENSDARG00000026845,rhoaa,4.66,0.87,0.11,2.36,2.35,0.75,1,0,0
ENSDARG00000040606,tfap2c,4.64,1.19,0.04,2.44,2.44,1.07,1,0,1
ENSDARG00000095951,si:ch211-222h17.9,4.55,1.25,0.17,2.25,2.25,0.94,1,0,0
ENSDARG00000022675,otud6b,4.49,1.23,0.27,2.11,2.11,0.81,1,0,0
ENSDARG00000095501,CR388042.2,4.45,0.64,0.04,2.39,2.39,0.66,1,0,0
ENSDARG00000056954,si:dkeyp-38g8.5,4.44,1.51,0.09,2.32,2.32,1.20,1,0,1
ENSDARG00000093789,si:dkey-21k10.2,4.39,0.65,0.02,2.4,2.40,0.69,1,0,0
ENSDARG00000077877,si:dkey-14o18.1,4.35,0.52,0.02,2.39,2.39,0.58,1,0,0
ENSDARG00000095529,gusb,4.33,1.94,0.26,2.08,2.08,1.22,1,0,1
ENSDARG00000088914,CR628395.2,4.29,0.51,0.01,2.39,2.39,0.58,1,0,0
ENSDARG00000061773,neurlb,4.29,1.18,0.27,2.06,2.06,0.78,1,0,0
ENSDARG00000076554,cdkn1a,4.2,1.25,0.1,2.24,2.24,1.03,1,0,1
ENSDARG00000028017,tp53inp1,4.18,1.04,0.07,2.27,2.28,0.93,1,0,0
ENSDARG00000092145,CR790376.1,4.18,0.93,0.03,2.33,2.33,0.91,1,0,0
ENSDARG00000087256,FP016207.1,4.16,0.74,0.05,2.29,2.30,0.73,1,0,0
ENSDARG00000093949,CABZ01028403.3,4.08,1.07,0.16,2.13,2.13,0.84,1,0,0
ENSDARG00000076571,sp5,4.08,0.95,0.03,2.31,2.30,0.92,1,0,0
ENSDARG00000089587,CR450785.2,3.82,0.61,0.07,2.17,2.17,0.59,1,0,0
ENSDARG00000093894,,3.8,0.82,0,2.26,2.26,0.86,1,0,0
ENSDARG00000031283,vamp1,3.77,0.89,0.03,2.21,2.21,0.88,1,0,0
ENSDARG00000094567,si:dkey-14a7.3,3.72,1.32,0,2.24,2.24,1.21,1,0,1
ENSDARG00000007671,ghrb,3.72,0.45,0.01,2.22,2.22,0.52,1,0,0
ENSDARG00000018787,efna1b,3.72,0.68,0.13,2.06,2.06,0.57,1,0,0
ENSDARG00000089311,CABZ01000451.1,3.72,0.44,0.01,2.22,2.22,0.51,1,0,0
ENSDARG00000035519,zgc:110380,3.64,1.25,0.02,2.19,2.19,1.14,1,0,1
ENSDARG00000014623,si:ch211-212d10.1,3.61,1.45,0.03,2.16,2.16,1.25,1,0,1
ENSDARG00000094101,CR407594.3,3.61,0.7,0.04,2.15,2.15,0.71,1,0,0
ENSDARG00000069105,fgfr4,3.56,0.3,0.01,2.18,2.17,0.36,1,0,0
ENSDARG00000089711,zgc:173713,3.53,0.59,0,2.18,2.18,0.67,1,0,0
ENSDARG00000094227,BX640584.4,3.47,0.5,0,2.16,2.16,0.58,1,0,0
ENSDARG00000094378,si:dkey-29d8.2,3.44,1.71,0.05,2.08,2.08,1.37,1,0,1
ENSDARG00000091524,BX649518.3,3.37,0.85,0.02,2.1,2.10,0.86,1,0,0
ENSDARG00000088253,CABZ01065246.1,3.34,2,0.07,2.01,2.02,1.49,1,0,1
ENSDARG00000088165,si:dkey-206f10.5,3.3,1.61,0,2.1,2.10,1.38,1,0,1
ENSDARG00000039269,arg2,3.28,0.55,0.07,2,2.00,0.53,1,0,0
ENSDARG00000088148,FOXB1 (2 of 3),3.22,1.43,0.02,2.04,2.05,1.25,1,0,1